<?xml version="1.0" encoding="UTF-8"?>

<!-- generated on 5/14/2018 11:22:08 PM by SUMO gui Version 0.32.0
<?xml version="1.0" encoding="UTF-8"?>

<configuration xmlns:xsi="http://www.w3.org/2001/XMLSchema-instance" xsi:noNamespaceSchemaLocation="http://sumo.dlr.de/xsd/sumoConfiguration.xsd">

    <input>
        <net-file value="H:\Thesis\Sumo\Examples\Additional\Test7\test7.net.xml"/>
        <route-files value="H:\Thesis\Sumo\Examples\Additional\Test7\test7.rou.xml"/>
    </input>

    <output>
        <netstate-dump value="H:\Thesis\Sumo\Examples\Additional\Test7\test7&#45;&#45;netstate-dump.xml"/>
    </output>

</configuration>
-->

<netstate xmlns:xsi="http://www.w3.org/2001/XMLSchema-instance" xsi:noNamespaceSchemaLocation="http://sumo.dlr.de/xsd/netstate_file.xsd">
    <timestep time="0.00">
        <edge id="edge1a">
            <lane id="edge1a_0">
                <vehicle id="carflow_0.0" pos="5.10" speed="0.00"/>
            </lane>
            <lane id="edge1a_1"/>
        </edge>
        <edge id="edge7b">
            <lane id="edge7b_0">
                <vehicle id="carflow_1.0" pos="5.10" speed="0.00"/>
            </lane>
            <lane id="edge7b_1"/>
        </edge>
    </timestep>
    <timestep time="1.00">
        <edge id="edge1a">
            <lane id="edge1a_0">
                <vehicle id="carflow_0.0" pos="6.11" speed="1.01"/>
            </lane>
            <lane id="edge1a_1"/>
        </edge>
        <edge id="edge7b">
            <lane id="edge7b_0">
                <vehicle id="carflow_1.0" pos="5.48" speed="0.38"/>
            </lane>
            <lane id="edge7b_1"/>
        </edge>
    </timestep>
    <timestep time="2.00">
        <edge id="edge1a">
            <lane id="edge1a_0">
                <vehicle id="carflow_0.0" pos="8.89" speed="2.79"/>
            </lane>
            <lane id="edge1a_1"/>
        </edge>
        <edge id="edge7b">
            <lane id="edge7b_0">
                <vehicle id="carflow_1.0" pos="9.20" speed="3.72"/>
            </lane>
            <lane id="edge7b_1"/>
        </edge>
    </timestep>
    <timestep time="3.00">
        <edge id="edge1a">
            <lane id="edge1a_0">
                <vehicle id="carflow_0.1" pos="5.10" speed="0.00"/>
                <vehicle id="carflow_0.0" pos="15.03" speed="6.13"/>
            </lane>
            <lane id="edge1a_1"/>
        </edge>
        <edge id="edge7b">
            <lane id="edge7b_0">
                <vehicle id="carflow_1.1" pos="5.10" speed="0.00"/>
                <vehicle id="carflow_1.0" pos="14.36" speed="5.16"/>
            </lane>
            <lane id="edge7b_1"/>
        </edge>
    </timestep>
    <timestep time="4.00">
        <edge id="edge1a">
            <lane id="edge1a_0">
                <vehicle id="carflow_0.1" pos="5.99" speed="0.89"/>
                <vehicle id="carflow_0.0" pos="22.75" speed="7.73"/>
            </lane>
            <lane id="edge1a_1"/>
        </edge>
        <edge id="edge7b">
            <lane id="edge7b_0">
                <vehicle id="carflow_1.1" pos="7.73" speed="2.63"/>
                <vehicle id="carflow_1.0" pos="20.42" speed="6.06"/>
            </lane>
            <lane id="edge7b_1"/>
        </edge>
    </timestep>
    <timestep time="5.00">
        <edge id="edge1a">
            <lane id="edge1a_0">
                <vehicle id="carflow_0.1" pos="8.80" speed="2.81"/>
                <vehicle id="carflow_0.0" pos="32.34" speed="9.59"/>
            </lane>
            <lane id="edge1a_1"/>
        </edge>
        <edge id="edge7b">
            <lane id="edge7b_0">
                <vehicle id="carflow_1.1" pos="11.14" speed="3.41"/>
                <vehicle id="carflow_1.0" pos="29.95" speed="9.53"/>
            </lane>
            <lane id="edge7b_1"/>
        </edge>
    </timestep>
    <timestep time="6.00">
        <edge id="edge1a">
            <lane id="edge1a_0">
                <vehicle id="carflow_0.1" pos="12.05" speed="3.25"/>
                <vehicle id="carflow_0.0" pos="45.23" speed="12.88"/>
            </lane>
            <lane id="edge1a_1"/>
        </edge>
        <edge id="edge7b">
            <lane id="edge7b_0">
                <vehicle id="carflow_1.2" pos="5.10" speed="0.00"/>
                <vehicle id="carflow_1.1" pos="17.13" speed="5.98"/>
                <vehicle id="carflow_1.0" pos="41.01" speed="11.05"/>
            </lane>
            <lane id="edge7b_1"/>
        </edge>
    </timestep>
</netstate>