<?xml version="1.0" encoding="utf-8"?>
<net version="0.27" xmlns:xsi="http://www.w3.org/2001/XMLSchema-instance" xsi:noNamespaceSchemaLocation="http://sumo.dlr.de/xsd/net_file.xsd">
  <location netOffset="0.00,0.00" convBoundary="-153.43,-24.93,235.64,96.65" origBoundary="-10000000000.00,-10000000000.00,10000000000.00,10000000000.00" projParameter="!" />
  <edge id=":gneJ18_0" function="internal">
    <lane id=":gneJ18_0_0" index="0" speed="13.89" length="26.54" shape="-31.73,55.60 -42.62,51.23 -50.40,48.66 -55.07,47.90 -56.64,48.95" />
  </edge>
 
  <edge id=":gneJ18_13" function="internal">
    <lane id=":gneJ18_13_0" index="0" speed="13.89" length="33.23" shape="-38.63,29.08 -45.64,33.42 -53.55,37.79 -61.75,41.16 -69.61,42.49" />
    <lane id=":gneJ18_13_1" index="1" speed="13.89" length="33.23" shape="-40.38,26.28 -47.11,30.54 -54.42,34.74 -62.01,37.94 -69.60,39.19" />
  </edge>
 
  <edge id="edge10a" from="gneJ27" to="gneJ20" priority="7">
    <lane id="edge10a_0" index="0" speed="30" length="40.18" shape="135.81,90.11 137.42,49.96" />
    <lane id="edge10a_1" index="1" speed="30" length="40.18" shape="139.10,90.24 140.72,50.10" />
  </edge>
 
  <tlLogic id="gneJ19" type="static" programID="0" offset="0">
    <phase duration="3" state="rrryyyrr" />
  </tlLogic>

  <tlLogic id="gneJ19" type="static" programID="1" offset="0">
    <phase duration="3" state="rrryyyrr" />
  </tlLogic>

  <junction id="gneJ17" type="dead_end" x="-153.43" y="37.26" incLanes="edge1b_0 edge1b_1" intLanes="" shape="-153.43,37.21 -153.45,43.81 -153.43,37.31" />
  <junction id="gneJ18" type="priority" x="-61.55" y="37.57" incLanes="edge5b_0 edge5b_1 edge2b_0 edge2b_1 edge11b_0 edge11b_1 edge1a_0 edge1a_1 edge8b_0 edge8b_1" intLanes=":gneJ18_0_0 :gneJ18_1_0 :gneJ18_1_1 :gneJ18_3_0 :gneJ18_4_0 :gneJ18_5_0 :gneJ18_6_0 :gneJ18_7_0 :gneJ18_7_1 :gneJ18_24_0 :gneJ18_10_0 :gneJ18_11_0 :gneJ18_12_0 :gneJ18_13_0 :gneJ18_13_1 :gneJ18_15_0 :gneJ18_16_0 :gneJ18_16_1 :gneJ18_18_0 :gneJ18_25_0 :gneJ18_20_0 :gneJ18_21_0 :gneJ18_22_0 :gneJ18_23_0" shape="-32.36,57.08 -27.24,45.02 -27.12,44.45 -27.00,31.35 -37.78,30.44 -44.72,19.33 -69.58,30.99 -69.62,44.09 -68.13,48.91 -55.04,48.95">
    <request index="0" response="000010000000000001000000" foes="000010000001000001000000" cont="0" />
  </junction>

  <junction id="gneJ19" type="traffic_light" x="37.82" y="38.51" incLanes="edge4b_0 edge4b_1 edge3b_0 edge3b_1 edge2a_0 edge2a_1" intLanes=":gneJ19_0_0 :gneJ19_0_1 :gneJ19_2_0 :gneJ19_3_0 :gneJ19_4_0 :gneJ19_5_0 :gneJ19_6_0 :gneJ19_6_1" shape="45.90,45.08 45.94,31.98 44.45,30.48 31.35,30.35 29.84,31.88 29.71,44.98">
    <request index="0" response="00000000" foes="00010000" cont="0" />
  </junction>

  <junction id="gneJ20" type="priority" x="142.82" y="38.82" incLanes="edge7b_0 edge7b_1 edge12a_0 edge12a_1 edge4a_0 edge4a_1 edge6a_0 edge6a_1 edge10a_0 edge10a_1" intLanes=":gneJ20_0_0 :gneJ20_1_0 :gneJ20_2_0 :gneJ20_2_1 :gneJ20_4_0 :gneJ20_5_0 :gneJ20_5_1 :gneJ20_7_0 :gneJ20_8_0 :gneJ20_9_0 :gneJ20_10_0 :gneJ20_11_0 :gneJ20_11_1 :gneJ20_25_0 :gneJ20_26_0 :gneJ20_15_0 :gneJ20_16_0 :gneJ20_17_0 :gneJ20_17_1 :gneJ20_19_0 :gneJ20_20_0 :gneJ20_21_0 :gneJ20_22_0 :gneJ20_23_0 :gneJ20_24_0" shape="150.61,45.40 150.66,32.30 124.97,20.24 118.14,31.42 105.36,32.16 105.32,45.26 105.41,45.79 109.99,58.06 135.82,49.90 148.91,50.43">
    <request index="24" response="0000011100011100011111110" foes="0000011100011100011111110" cont="0" />
  </junction>

  <junction id="gneJ21" type="priority" x="38.45" y="-24.93" incLanes="edge12b_0 edge12b_1 edge11a_0 edge11a_1 edge3a_0 edge3a_1" intLanes=":gneJ21_0_0 :gneJ21_1_0 :gneJ21_2_0 :gneJ21_3_0 :gneJ21_4_0 :gneJ21_8_0 :gneJ21_6_0 :gneJ21_7_0" shape="46.17,-12.54 52.99,-23.72 23.57,-23.35 30.51,-12.24 31.77,-11.54 44.87,-11.41">
    <request index="7" response="00111110" foes="00111110" cont="0" />
  </junction>

  <junction id="gneJ22" type="priority" x="35.63" y="78.82" incLanes="edge6b_0 edge6b_1 edge5a_0 edge5a_1" intLanes=":gneJ22_0_0 :gneJ22_0_1 :gneJ22_2_0 :gneJ22_2_1" shape="40.37,84.04 35.79,71.77 30.67,83.83">
    <request index="3" response="0000" foes="0000" cont="0" />
  </junction>

  <junction id="gneJ23" type="dead_end" x="235.64" y="39.13" incLanes="edge7a_0 edge7a_1" intLanes="" shape="235.64,39.18 235.66,32.58 235.64,39.08" />
  <junction id="gneJ26" type="priority" x="-61.73" y="94.93" incLanes="edge9b_0 edge9b_1 edge8a_0 edge8a_1" intLanes=":gneJ26_0_0 :gneJ26_1_0 :gneJ26_2_0 :gneJ26_3_0" shape="-55.27,101.53 -55.16,88.43 -68.26,88.39">
    <request index="0" response="0000" foes="0000" cont="0" />
  </junction>

  <junction id="gneJ27" type="priority" x="140.50" y="96.65" incLanes="edge10b_0 edge10b_1 edge9a_0 edge9a_1" intLanes=":gneJ27_0_0 :gneJ27_1_0 :gneJ27_2_0 :gneJ27_3_0" shape="147.30,90.57 134.21,90.04 134.10,103.14">
    <request index="3" response="0000" foes="0000" cont="0" />
  </junction>

  <junction id=":gneJ21_8_0" type="internal" x="36.94" y="-21.15" incLanes=":gneJ21_5_0 edge12b_0 edge12b_1" intLanes=":gneJ21_1_0 :gneJ21_2_0 :gneJ21_7_0" />


  <connection from="edge4b" to="edge3a" fromLane="1" toLane="1" via=":gneJ19_2_0" tl="gneJ19" linkIndex="2" dir="l" state="o" />
  <connection from="edge5a" to="edge6a" fromLane="0" toLane="0" via=":gneJ22_2_0" dir="s" state="M" />

  
  <connection from=":gneJ27_3" to="edge10a" fromLane="0" toLane="1" dir="r" state="M" />
</net>